CountyName,CountyId,StateAbbreviation,FIPS,GrowingAreaId,FractionSoilOrganicMatter,SoilOrganicMatterPlantAvailableNPerAcre,GeographyId,GeographyTypeId,GeographyName
"New Castle, DE",1,,,,,,,,
"New Castle, DE",2,,,,,,,,
"New Castle, DE",10003,,,,,,,,
"New Castle, DE",1,,,,,,,,
"New Castle, DE",0.015,,,,,,,,
"New Castle, DE",45.0,,,,,,,,
"New Castle, DE",290,,,,,,,,
"New Castle, DE",4,,,,,,,,
"New Castle, DE",10003(cbwsonly),,,,,,,,
"Sussex, DE",2,,,,,,,,
"Sussex, DE",2,,,,,,,,
"Sussex, DE",10005,,,,,,,,
"Sussex, DE",1,,,,,,,,
"Sussex, DE",0.015,,,,,,,,
"Sussex, DE",45.0,,,,,,,,
"Sussex, DE",291,,,,,,,,
"Sussex, DE",4,,,,,,,,
"Sussex, DE",10005(cbwsonly),,,,,,,,
"Baltimore, MD",3,,,,,,,,
"Baltimore, MD",3,,,,,,,,
"Baltimore, MD",24005,,,,,,,,
"Baltimore, MD",2,,,,,,,,
"Baltimore, MD",0.015,,,,,,,,
"Baltimore, MD",45.0,,,,,,,,
"Baltimore, MD",292,,,,,,,,
"Baltimore, MD",4,,,,,,,,
"Baltimore, MD",24005(cbwsonly),,,,,,,,
"Carroll, MD",4,,,,,,,,
"Carroll, MD",3,,,,,,,,
"Carroll, MD",24013,,,,,,,,
"Carroll, MD",2,,,,,,,,
"Carroll, MD",0.015,,,,,,,,
"Carroll, MD",45.0,,,,,,,,
"Carroll, MD",293,,,,,,,,
"Carroll, MD",4,,,,,,,,
"Carroll, MD",24013(cbwsonly),,,,,,,,
"Cecil, MD",5,,,,,,,,
"Cecil, MD",3,,,,,,,,
"Cecil, MD",24015,,,,,,,,
"Cecil, MD",2,,,,,,,,
"Cecil, MD",0.015,,,,,,,,
"Cecil, MD",45.0,,,,,,,,
"Cecil, MD",294,,,,,,,,
"Cecil, MD",4,,,,,,,,
"Cecil, MD",24015(cbwsonly),,,,,,,,
"Frederick, MD",6,,,,,,,,
"Frederick, MD",3,,,,,,,,
"Frederick, MD",24021,,,,,,,,
"Frederick, MD",2,,,,,,,,
"Frederick, MD",0.015,,,,,,,,
"Frederick, MD",45.0,,,,,,,,
"Frederick, MD",295,,,,,,,,
"Frederick, MD",4,,,,,,,,
"Frederick, MD",24021(cbwsonly),,,,,,,,
"Harford, MD",7,,,,,,,,
"Harford, MD",3,,,,,,,,
"Harford, MD",24025,,,,,,,,
"Harford, MD",2,,,,,,,,
"Harford, MD",0.015,,,,,,,,
"Harford, MD",45.0,,,,,,,,
"Harford, MD",296,,,,,,,,
"Harford, MD",4,,,,,,,,
"Harford, MD",24025(cbwsonly),,,,,,,,
"Howard, MD",8,,,,,,,,
"Howard, MD",3,,,,,,,,
"Howard, MD",24027,,,,,,,,
"Howard, MD",2,,,,,,,,
"Howard, MD",0.015,,,,,,,,
"Howard, MD",45.0,,,,,,,,
"Howard, MD",297,,,,,,,,
"Howard, MD",4,,,,,,,,
"Howard, MD",24027(cbwsonly),,,,,,,,
"Montgomery, MD",9,,,,,,,,
"Montgomery, MD",3,,,,,,,,
"Montgomery, MD",24031,,,,,,,,
"Montgomery, MD",2,,,,,,,,
"Montgomery, MD",0.015,,,,,,,,
"Montgomery, MD",45.0,,,,,,,,
"Montgomery, MD",298,,,,,,,,
"Montgomery, MD",4,,,,,,,,
"Montgomery, MD",24031(cbwsonly),,,,,,,,
"District of Columbia, DC",10,,,,,,,,
"District of Columbia, DC",1,,,,,,,,
"District of Columbia, DC",11001,,,,,,,,
"District of Columbia, DC",3,,,,,,,,
"District of Columbia, DC",0.015,,,,,,,,
"District of Columbia, DC",45.0,,,,,,,,
"Anne Arundel, MD",11,,,,,,,,
"Anne Arundel, MD",3,,,,,,,,
"Anne Arundel, MD",24003,,,,,,,,
"Anne Arundel, MD",3,,,,,,,,
"Anne Arundel, MD",0.015,,,,,,,,
"Anne Arundel, MD",45.0,,,,,,,,
"Anne Arundel, MD",300,,,,,,,,
"Anne Arundel, MD",4,,,,,,,,
"Anne Arundel, MD",24003(cbwsonly),,,,,,,,
"Calvert, MD",12,,,,,,,,
"Calvert, MD",3,,,,,,,,
"Calvert, MD",24009,,,,,,,,
"Calvert, MD",3,,,,,,,,
"Calvert, MD",0.015,,,,,,,,
"Calvert, MD",45.0,,,,,,,,
"Calvert, MD",301,,,,,,,,
"Calvert, MD",4,,,,,,,,
"Calvert, MD",24009(cbwsonly),,,,,,,,
"Caroline, MD",13,,,,,,,,
"Caroline, MD",3,,,,,,,,
"Caroline, MD",24011,,,,,,,,
"Caroline, MD",3,,,,,,,,
"Caroline, MD",0.015,,,,,,,,
"Caroline, MD",45.0,,,,,,,,
"Caroline, MD",302,,,,,,,,
"Caroline, MD",4,,,,,,,,
"Caroline, MD",24011(cbwsonly),,,,,,,,
"Charles, MD",14,,,,,,,,
"Charles, MD",3,,,,,,,,
"Charles, MD",24017,,,,,,,,
"Charles, MD",3,,,,,,,,
"Charles, MD",0.015,,,,,,,,
"Charles, MD",45.0,,,,,,,,
"Charles, MD",303,,,,,,,,
"Charles, MD",4,,,,,,,,
"Charles, MD",24017(cbwsonly),,,,,,,,
"Dorchester, MD",15,,,,,,,,
"Dorchester, MD",3,,,,,,,,
"Dorchester, MD",24019,,,,,,,,
"Dorchester, MD",3,,,,,,,,
"Dorchester, MD",0.015,,,,,,,,
"Dorchester, MD",45.0,,,,,,,,
"Dorchester, MD",304,,,,,,,,
"Dorchester, MD",4,,,,,,,,
"Dorchester, MD",24019(cbwsonly),,,,,,,,
"Kent, MD",16,,,,,,,,
"Kent, MD",3,,,,,,,,
"Kent, MD",24029,,,,,,,,
"Kent, MD",3,,,,,,,,
"Kent, MD",0.015,,,,,,,,
"Kent, MD",45.0,,,,,,,,
"Kent, MD",305,,,,,,,,
"Kent, MD",4,,,,,,,,
"Kent, MD",24029(cbwsonly),,,,,,,,
"Prince Georges, MD",17,,,,,,,,
"Prince Georges, MD",3,,,,,,,,
"Prince Georges, MD",24033,,,,,,,,
"Prince Georges, MD",3,,,,,,,,
"Prince Georges, MD",0.015,,,,,,,,
"Prince Georges, MD",45.0,,,,,,,,
"Prince Georges, MD",306,,,,,,,,
"Prince Georges, MD",4,,,,,,,,
"Prince Georges, MD",24033(cbwsonly),,,,,,,,
"Queen Annes, MD",18,,,,,,,,
"Queen Annes, MD",3,,,,,,,,
"Queen Annes, MD",24035,,,,,,,,
"Queen Annes, MD",3,,,,,,,,
"Queen Annes, MD",0.015,,,,,,,,
"Queen Annes, MD",45.0,,,,,,,,
"Queen Annes, MD",307,,,,,,,,
"Queen Annes, MD",4,,,,,,,,
"Queen Annes, MD",24035(cbwsonly),,,,,,,,
"St. Marys, MD",19,,,,,,,,
"St. Marys, MD",3,,,,,,,,
"St. Marys, MD",24037,,,,,,,,
"St. Marys, MD",3,,,,,,,,
"St. Marys, MD",0.015,,,,,,,,
"St. Marys, MD",45.0,,,,,,,,
"St. Marys, MD",308,,,,,,,,
"St. Marys, MD",4,,,,,,,,
"St. Marys, MD",24037(cbwsonly),,,,,,,,
"Somerset, MD",20,,,,,,,,
"Somerset, MD",3,,,,,,,,
"Somerset, MD",24039,,,,,,,,
"Somerset, MD",3,,,,,,,,
"Somerset, MD",0.015,,,,,,,,
"Somerset, MD",45.0,,,,,,,,
"Somerset, MD",309,,,,,,,,
"Somerset, MD",4,,,,,,,,
"Somerset, MD",24039(cbwsonly),,,,,,,,
"Talbot, MD",21,,,,,,,,
"Talbot, MD",3,,,,,,,,
"Talbot, MD",24041,,,,,,,,
"Talbot, MD",3,,,,,,,,
"Talbot, MD",0.015,,,,,,,,
"Talbot, MD",45.0,,,,,,,,
"Talbot, MD",310,,,,,,,,
"Talbot, MD",4,,,,,,,,
"Talbot, MD",24041(cbwsonly),,,,,,,,
"Wicomico, MD",22,,,,,,,,
"Wicomico, MD",3,,,,,,,,
"Wicomico, MD",24045,,,,,,,,
"Wicomico, MD",3,,,,,,,,
"Wicomico, MD",0.015,,,,,,,,
"Wicomico, MD",45.0,,,,,,,,
"Wicomico, MD",311,,,,,,,,
"Wicomico, MD",4,,,,,,,,
"Wicomico, MD",24045(cbwsonly),,,,,,,,
"Allegany, MD",23,,,,,,,,
"Allegany, MD",3,,,,,,,,
"Allegany, MD",24001,,,,,,,,
"Allegany, MD",4,,,,,,,,
"Allegany, MD",0.015,,,,,,,,
"Allegany, MD",45.0,,,,,,,,
"Allegany, MD",312,,,,,,,,
"Allegany, MD",4,,,,,,,,
"Allegany, MD",24001(cbwsonly),,,,,,,,
"Garrett, MD",24,,,,,,,,
"Garrett, MD",3,,,,,,,,
"Garrett, MD",24023,,,,,,,,
"Garrett, MD",4,,,,,,,,
"Garrett, MD",0.015,,,,,,,,
"Garrett, MD",45.0,,,,,,,,
"Garrett, MD",313,,,,,,,,
"Garrett, MD",4,,,,,,,,
"Garrett, MD",24023(cbwsonly),,,,,,,,
"Washington, MD",25,,,,,,,,
"Washington, MD",3,,,,,,,,
"Washington, MD",24043,,,,,,,,
"Washington, MD",4,,,,,,,,
"Washington, MD",0.015,,,,,,,,
"Washington, MD",45.0,,,,,,,,
"Washington, MD",314,,,,,,,,
"Washington, MD",4,,,,,,,,
"Washington, MD",24043(cbwsonly),,,,,,,,
"Lycoming, PA",26,,,,,,,,
"Lycoming, PA",6,,,,,,,,
"Lycoming, PA",42081,,,,,,,,
"Lycoming, PA",6,,,,,,,,
"Lycoming, PA",0.015,,,,,,,,
"Lycoming, PA",45.0,,,,,,,,
"Lycoming, PA",315,,,,,,,,
"Lycoming, PA",4,,,,,,,,
"Lycoming, PA",42081(cbwsonly),,,,,,,,
"Mckean, PA",27,,,,,,,,
"Mckean, PA",6,,,,,,,,
"Mckean, PA",42083,,,,,,,,
"Mckean, PA",6,,,,,,,,
"Mckean, PA",0.015,,,,,,,,
"Mckean, PA",45.0,,,,,,,,
"Mckean, PA",316,,,,,,,,
"Mckean, PA",4,,,,,,,,
"Mckean, PA",42083(cbwsonly),,,,,,,,
"Potter, PA",28,,,,,,,,
"Potter, PA",6,,,,,,,,
"Potter, PA",42105,,,,,,,,
"Potter, PA",6,,,,,,,,
"Potter, PA",0.015,,,,,,,,
"Potter, PA",45.0,,,,,,,,
"Potter, PA",317,,,,,,,,
"Potter, PA",4,,,,,,,,
"Potter, PA",42105(cbwsonly),,,,,,,,
"Somerset, PA",29,,,,,,,,
"Somerset, PA",6,,,,,,,,
"Somerset, PA",42111,,,,,,,,
"Somerset, PA",6,,,,,,,,
"Somerset, PA",0.015,,,,,,,,
"Somerset, PA",45.0,,,,,,,,
"Somerset, PA",318,,,,,,,,
"Somerset, PA",4,,,,,,,,
"Somerset, PA",42111(cbwsonly),,,,,,,,
"Sullivan, PA",30,,,,,,,,
"Sullivan, PA",6,,,,,,,,
"Sullivan, PA",42113,,,,,,,,
"Sullivan, PA",6,,,,,,,,
"Sullivan, PA",0.015,,,,,,,,
"Sullivan, PA",45.0,,,,,,,,
"Sullivan, PA",319,,,,,,,,
"Sullivan, PA",4,,,,,,,,
"Sullivan, PA",42113(cbwsonly),,,,,,,,
"Susquehanna, PA",31,,,,,,,,
"Susquehanna, PA",6,,,,,,,,
"Susquehanna, PA",42115,,,,,,,,
"Susquehanna, PA",6,,,,,,,,
"Susquehanna, PA",0.015,,,,,,,,
"Susquehanna, PA",45.0,,,,,,,,
"Susquehanna, PA",320,,,,,,,,
"Susquehanna, PA",4,,,,,,,,
"Susquehanna, PA",42115(cbwsonly),,,,,,,,
"Tioga, PA",32,,,,,,,,
"Tioga, PA",6,,,,,,,,
"Tioga, PA",42117,,,,,,,,
"Tioga, PA",6,,,,,,,,
"Tioga, PA",0.015,,,,,,,,
"Tioga, PA",45.0,,,,,,,,
"Tioga, PA",321,,,,,,,,
"Tioga, PA",4,,,,,,,,
"Tioga, PA",42117(cbwsonly),,,,,,,,
"Wayne, PA",33,,,,,,,,
"Wayne, PA",6,,,,,,,,
"Wayne, PA",42127,,,,,,,,
"Wayne, PA",6,,,,,,,,
"Wayne, PA",0.015,,,,,,,,
"Wayne, PA",45.0,,,,,,,,
"Wayne, PA",322,,,,,,,,
"Wayne, PA",4,,,,,,,,
"Wayne, PA",42127(cbwsonly),,,,,,,,
"Wyoming, PA",34,,,,,,,,
"Wyoming, PA",6,,,,,,,,
"Wyoming, PA",42131,,,,,,,,
"Wyoming, PA",6,,,,,,,,
"Wyoming, PA",0.015,,,,,,,,
"Wyoming, PA",45.0,,,,,,,,
"Wyoming, PA",323,,,,,,,,
"Wyoming, PA",4,,,,,,,,
"Wyoming, PA",42131(cbwsonly),,,,,,,,
"Luzerne, PA",35,,,,,,,,
"Luzerne, PA",6,,,,,,,,
"Luzerne, PA",42079,,,,,,,,
"Luzerne, PA",7,,,,,,,,
"Luzerne, PA",0.015,,,,,,,,
"Luzerne, PA",45.0,,,,,,,,
"Luzerne, PA",324,,,,,,,,
"Luzerne, PA",4,,,,,,,,
"Luzerne, PA",42079(cbwsonly),,,,,,,,
"Mifflin, PA",36,,,,,,,,
"Mifflin, PA",6,,,,,,,,
"Mifflin, PA",42087,,,,,,,,
"Mifflin, PA",7,,,,,,,,
"Mifflin, PA",0.015,,,,,,,,
"Mifflin, PA",45.0,,,,,,,,
"Mifflin, PA",325,,,,,,,,
"Mifflin, PA",4,,,,,,,,
"Mifflin, PA",42087(cbwsonly),,,,,,,,
"Montour, PA",37,,,,,,,,
"Montour, PA",6,,,,,,,,
"Montour, PA",42093,,,,,,,,
"Montour, PA",7,,,,,,,,
"Montour, PA",0.015,,,,,,,,
"Montour, PA",45.0,,,,,,,,
"Montour, PA",326,,,,,,,,
"Montour, PA",4,,,,,,,,
"Montour, PA",42093(cbwsonly),,,,,,,,
"Northumberland, PA",38,,,,,,,,
"Northumberland, PA",6,,,,,,,,
"Northumberland, PA",42097,,,,,,,,
"Northumberland, PA",7,,,,,,,,
"Northumberland, PA",0.015,,,,,,,,
"Northumberland, PA",45.0,,,,,,,,
"Northumberland, PA",327,,,,,,,,
"Northumberland, PA",4,,,,,,,,
"Northumberland, PA",42097(cbwsonly),,,,,,,,
"Perry, PA",39,,,,,,,,
"Perry, PA",6,,,,,,,,
"Perry, PA",42099,,,,,,,,
"Perry, PA",7,,,,,,,,
"Perry, PA",0.015,,,,,,,,
"Perry, PA",45.0,,,,,,,,
"Perry, PA",328,,,,,,,,
"Perry, PA",4,,,,,,,,
"Perry, PA",42099(cbwsonly),,,,,,,,
"Schuylkill, PA",40,,,,,,,,
"Schuylkill, PA",6,,,,,,,,
"Schuylkill, PA",42107,,,,,,,,
"Schuylkill, PA",7,,,,,,,,
"Schuylkill, PA",0.015,,,,,,,,
"Schuylkill, PA",45.0,,,,,,,,
"Schuylkill, PA",329,,,,,,,,
"Schuylkill, PA",4,,,,,,,,
"Schuylkill, PA",42107(cbwsonly),,,,,,,,
"Snyder, PA",41,,,,,,,,
"Snyder, PA",6,,,,,,,,
"Snyder, PA",42109,,,,,,,,
"Snyder, PA",7,,,,,,,,
"Snyder, PA",0.015,,,,,,,,
"Snyder, PA",45.0,,,,,,,,
"Snyder, PA",330,,,,,,,,
"Snyder, PA",4,,,,,,,,
"Snyder, PA",42109(cbwsonly),,,,,,,,
"Union, PA",42,,,,,,,,
"Union, PA",6,,,,,,,,
"Union, PA",42119,,,,,,,,
"Union, PA",7,,,,,,,,
"Union, PA",0.015,,,,,,,,
"Union, PA",45.0,,,,,,,,
"Union, PA",331,,,,,,,,
"Union, PA",4,,,,,,,,
"Union, PA",42119(cbwsonly),,,,,,,,
"Lancaster, PA",43,,,,,,,,
"Lancaster, PA",6,,,,,,,,
"Lancaster, PA",42071,,,,,,,,
"Lancaster, PA",8,,,,,,,,
"Lancaster, PA",0.015,,,,,,,,
"Lancaster, PA",45.0,,,,,,,,
"Lancaster, PA",332,,,,,,,,
"Lancaster, PA",4,,,,,,,,
"Lancaster, PA",42071(cbwsonly),,,,,,,,
"Lebanon, PA",44,,,,,,,,
"Lebanon, PA",6,,,,,,,,
"Lebanon, PA",42075,,,,,,,,
"Lebanon, PA",8,,,,,,,,
"Lebanon, PA",0.015,,,,,,,,
"Lebanon, PA",45.0,,,,,,,,
"Lebanon, PA",333,,,,,,,,
"Lebanon, PA",4,,,,,,,,
"Lebanon, PA",42075(cbwsonly),,,,,,,,
"York, PA",45,,,,,,,,
"York, PA",6,,,,,,,,
"York, PA",42133,,,,,,,,
"York, PA",8,,,,,,,,
"York, PA",0.015,,,,,,,,
"York, PA",45.0,,,,,,,,
"York, PA",334,,,,,,,,
"York, PA",4,,,,,,,,
"York, PA",42133(cbwsonly),,,,,,,,
"Accomack, VA",46,,,,,,,,
"Accomack, VA",7,,,,,,,,
"Accomack, VA",51001,,,,,,,,
"Accomack, VA",9,,,,,,,,
"Accomack, VA",0.015,,,,,,,,
"Accomack, VA",45.0,,,,,,,,
"Accomack, VA",335,,,,,,,,
"Accomack, VA",4,,,,,,,,
"Accomack, VA",51001(cbwsonly),,,,,,,,
"Arlington, VA",47,,,,,,,,
"Arlington, VA",7,,,,,,,,
"Arlington, VA",51013,,,,,,,,
"Arlington, VA",9,,,,,,,,
"Arlington, VA",0.015,,,,,,,,
"Arlington, VA",45.0,,,,,,,,
"Arlington, VA",336,,,,,,,,
"Arlington, VA",4,,,,,,,,
"Arlington, VA",51013(cbwsonly),,,,,,,,
"Caroline, VA",48,,,,,,,,
"Caroline, VA",7,,,,,,,,
"Caroline, VA",51033,,,,,,,,
"Caroline, VA",9,,,,,,,,
"Caroline, VA",0.015,,,,,,,,
"Caroline, VA",45.0,,,,,,,,
"Caroline, VA",337,,,,,,,,
"Caroline, VA",4,,,,,,,,
"Caroline, VA",51033(cbwsonly),,,,,,,,
"Charles City, VA",49,,,,,,,,
"Charles City, VA",7,,,,,,,,
"Charles City, VA",51036,,,,,,,,
"Charles City, VA",9,,,,,,,,
"Charles City, VA",0.015,,,,,,,,
"Charles City, VA",45.0,,,,,,,,
"Charles City, VA",338,,,,,,,,
"Charles City, VA",4,,,,,,,,
"Charles City, VA",51036(cbwsonly),,,,,,,,
"Essex, VA",50,,,,,,,,
"Essex, VA",7,,,,,,,,
"Essex, VA",51057,,,,,,,,
"Essex, VA",9,,,,,,,,
"Essex, VA",0.015,,,,,,,,
"Essex, VA",45.0,,,,,,,,
"Essex, VA",339,,,,,,,,
"Essex, VA",4,,,,,,,,
"Essex, VA",51057(cbwsonly),,,,,,,,
"Gloucester, VA",51,,,,,,,,
"Gloucester, VA",7,,,,,,,,
"Gloucester, VA",51073,,,,,,,,
"Gloucester, VA",9,,,,,,,,
"Gloucester, VA",0.015,,,,,,,,
"Gloucester, VA",45.0,,,,,,,,
"Gloucester, VA",340,,,,,,,,
"Gloucester, VA",4,,,,,,,,
"Gloucester, VA",51073(cbwsonly),,,,,,,,
"Hanover, VA",53,,,,,,,,
"Hanover, VA",7,,,,,,,,
"Hanover, VA",51085,,,,,,,,
"Hanover, VA",9,,,,,,,,
"Hanover, VA",0.015,,,,,,,,
"Hanover, VA",45.0,,,,,,,,
"Hanover, VA",341,,,,,,,,
"Hanover, VA",4,,,,,,,,
"Hanover, VA",51085(cbwsonly),,,,,,,,
"Henrico, VA",54,,,,,,,,
"Henrico, VA",7,,,,,,,,
"Henrico, VA",51087,,,,,,,,
"Henrico, VA",9,,,,,,,,
"Henrico, VA",0.015,,,,,,,,
"Henrico, VA",45.0,,,,,,,,
"Henrico, VA",342,,,,,,,,
"Henrico, VA",4,,,,,,,,
"Henrico, VA",51087(cbwsonly),,,,,,,,
"Isle Of Wight, VA",55,,,,,,,,
"Isle Of Wight, VA",7,,,,,,,,
"Isle Of Wight, VA",51093,,,,,,,,
"Isle Of Wight, VA",9,,,,,,,,
"Isle Of Wight, VA",0.015,,,,,,,,
"Isle Of Wight, VA",45.0,,,,,,,,
"Isle Of Wight, VA",343,,,,,,,,
"Isle Of Wight, VA",4,,,,,,,,
"Isle Of Wight, VA",51093(cbwsonly),,,,,,,,
"James City, VA",56,,,,,,,,
"James City, VA",7,,,,,,,,
"James City, VA",51095,,,,,,,,
"James City, VA",9,,,,,,,,
"James City, VA",0.015,,,,,,,,
"James City, VA",45.0,,,,,,,,
"James City, VA",344,,,,,,,,
"James City, VA",4,,,,,,,,
"James City, VA",51095(cbwsonly),,,,,,,,
"King And Queen, VA",57,,,,,,,,
"King And Queen, VA",7,,,,,,,,
"King And Queen, VA",51097,,,,,,,,
"King And Queen, VA",9,,,,,,,,
"King And Queen, VA",0.015,,,,,,,,
"King And Queen, VA",45.0,,,,,,,,
"King And Queen, VA",345,,,,,,,,
"King And Queen, VA",4,,,,,,,,
"King And Queen, VA",51097(cbwsonly),,,,,,,,
"King George, VA",58,,,,,,,,
"King George, VA",7,,,,,,,,
"King George, VA",51099,,,,,,,,
"King George, VA",9,,,,,,,,
"King George, VA",0.015,,,,,,,,
"King George, VA",45.0,,,,,,,,
"King George, VA",346,,,,,,,,
"King George, VA",4,,,,,,,,
"King George, VA",51099(cbwsonly),,,,,,,,
"King William, VA",59,,,,,,,,
"King William, VA",7,,,,,,,,
"King William, VA",51101,,,,,,,,
"King William, VA",9,,,,,,,,
"King William, VA",0.015,,,,,,,,
"King William, VA",45.0,,,,,,,,
"King William, VA",347,,,,,,,,
"King William, VA",4,,,,,,,,
"King William, VA",51101(cbwsonly),,,,,,,,
"Lancaster, VA",60,,,,,,,,
"Lancaster, VA",7,,,,,,,,
"Lancaster, VA",51103,,,,,,,,
"Lancaster, VA",9,,,,,,,,
"Lancaster, VA",0.015,,,,,,,,
"Lancaster, VA",45.0,,,,,,,,
"Lancaster, VA",348,,,,,,,,
"Lancaster, VA",4,,,,,,,,
"Lancaster, VA",51103(cbwsonly),,,,,,,,
"Mathews, VA",61,,,,,,,,
"Mathews, VA",7,,,,,,,,
"Mathews, VA",51115,,,,,,,,
"Mathews, VA",9,,,,,,,,
"Mathews, VA",0.015,,,,,,,,
"Mathews, VA",45.0,,,,,,,,
"Mathews, VA",349,,,,,,,,
"Mathews, VA",4,,,,,,,,
"Mathews, VA",51115(cbwsonly),,,,,,,,
"Middlesex, VA",62,,,,,,,,
"Middlesex, VA",7,,,,,,,,
"Middlesex, VA",51119,,,,,,,,
"Middlesex, VA",9,,,,,,,,
"Middlesex, VA",0.015,,,,,,,,
"Middlesex, VA",45.0,,,,,,,,
"Middlesex, VA",350,,,,,,,,
"Middlesex, VA",4,,,,,,,,
"Middlesex, VA",51119(cbwsonly),,,,,,,,
"New Kent, VA",63,,,,,,,,
"New Kent, VA",7,,,,,,,,
"New Kent, VA",51127,,,,,,,,
"New Kent, VA",9,,,,,,,,
"New Kent, VA",0.015,,,,,,,,
"New Kent, VA",45.0,,,,,,,,
"New Kent, VA",351,,,,,,,,
"New Kent, VA",4,,,,,,,,
"New Kent, VA",51127(cbwsonly),,,,,,,,
"Northampton, VA",64,,,,,,,,
"Northampton, VA",7,,,,,,,,
"Northampton, VA",51131,,,,,,,,
"Northampton, VA",9,,,,,,,,
"Northampton, VA",0.015,,,,,,,,
"Northampton, VA",45.0,,,,,,,,
"Northampton, VA",352,,,,,,,,
"Northampton, VA",4,,,,,,,,
"Northampton, VA",51131(cbwsonly),,,,,,,,
"Northumberland, VA",65,,,,,,,,
"Northumberland, VA",7,,,,,,,,
"Northumberland, VA",51133,,,,,,,,
"Northumberland, VA",9,,,,,,,,
"Northumberland, VA",0.015,,,,,,,,
"Northumberland, VA",45.0,,,,,,,,
"Northumberland, VA",353,,,,,,,,
"Northumberland, VA",4,,,,,,,,
"Northumberland, VA",51133(cbwsonly),,,,,,,,
"Prince George, VA",66,,,,,,,,
"Prince George, VA",7,,,,,,,,
"Prince George, VA",51149,,,,,,,,
"Prince George, VA",9,,,,,,,,
"Prince George, VA",0.015,,,,,,,,
"Prince George, VA",45.0,,,,,,,,
"Prince George, VA",354,,,,,,,,
"Prince George, VA",4,,,,,,,,
"Prince George, VA",51149(cbwsonly),,,,,,,,
"Richmond, VA",67,,,,,,,,
"Richmond, VA",7,,,,,,,,
"Richmond, VA",51159,,,,,,,,
"Richmond, VA",9,,,,,,,,
"Richmond, VA",0.015,,,,,,,,
"Richmond, VA",45.0,,,,,,,,
"Richmond, VA",355,,,,,,,,
"Richmond, VA",4,,,,,,,,
"Richmond, VA",51159(cbwsonly),,,,,,,,
"Surry, VA",69,,,,,,,,
"Surry, VA",7,,,,,,,,
"Surry, VA",51181,,,,,,,,
"Surry, VA",9,,,,,,,,
"Surry, VA",0.015,,,,,,,,
"Surry, VA",45.0,,,,,,,,
"Surry, VA",356,,,,,,,,
"Surry, VA",4,,,,,,,,
"Surry, VA",51181(cbwsonly),,,,,,,,
"Westmoreland, VA",71,,,,,,,,
"Westmoreland, VA",7,,,,,,,,
"Westmoreland, VA",51193,,,,,,,,
"Westmoreland, VA",9,,,,,,,,
"Westmoreland, VA",0.015,,,,,,,,
"Westmoreland, VA",45.0,,,,,,,,
"Westmoreland, VA",357,,,,,,,,
"Westmoreland, VA",4,,,,,,,,
"Westmoreland, VA",51193(cbwsonly),,,,,,,,
"York, VA",72,,,,,,,,
"York, VA",7,,,,,,,,
"York, VA",51199,,,,,,,,
"York, VA",9,,,,,,,,
"York, VA",0.015,,,,,,,,
"York, VA",45.0,,,,,,,,
"York, VA",358,,,,,,,,
"York, VA",4,,,,,,,,
"York, VA",51199(cbwsonly),,,,,,,,
"Chesapeake City, VA",73,,,,,,,,
"Chesapeake City, VA",7,,,,,,,,
"Chesapeake City, VA",51550,,,,,,,,
"Chesapeake City, VA",9,,,,,,,,
"Chesapeake City, VA",0.015,,,,,,,,
"Chesapeake City, VA",45.0,,,,,,,,
"Chesapeake City, VA",359,,,,,,,,
"Chesapeake City, VA",4,,,,,,,,
"Chesapeake City, VA",51550(cbwsonly),,,,,,,,
"Suffolk City, VA",74,,,,,,,,
"Suffolk City, VA",7,,,,,,,,
"Suffolk City, VA",51800,,,,,,,,
"Suffolk City, VA",9,,,,,,,,
"Suffolk City, VA",0.015,,,,,,,,
"Suffolk City, VA",45.0,,,,,,,,
"Suffolk City, VA",360,,,,,,,,
"Suffolk City, VA",4,,,,,,,,
"Suffolk City, VA",51800(cbwsonly),,,,,,,,
"Virginia Beach City, VA",75,,,,,,,,
"Virginia Beach City, VA",7,,,,,,,,
"Virginia Beach City, VA",51810,,,,,,,,
"Virginia Beach City, VA",9,,,,,,,,
"Virginia Beach City, VA",0.015,,,,,,,,
"Virginia Beach City, VA",45.0,,,,,,,,
"Virginia Beach City, VA",361,,,,,,,,
"Virginia Beach City, VA",4,,,,,,,,
"Virginia Beach City, VA",51810(cbwsonly),,,,,,,,
"Albemarle, VA",76,,,,,,,,
"Albemarle, VA",7,,,,,,,,
"Albemarle, VA",51003,,,,,,,,
"Albemarle, VA",10,,,,,,,,
"Albemarle, VA",0.015,,,,,,,,
"Albemarle, VA",45.0,,,,,,,,
"Albemarle, VA",362,,,,,,,,
"Albemarle, VA",4,,,,,,,,
"Albemarle, VA",51003(cbwsonly),,,,,,,,
"Amelia, VA",77,,,,,,,,
"Amelia, VA",7,,,,,,,,
"Amelia, VA",51007,,,,,,,,
"Amelia, VA",10,,,,,,,,
"Amelia, VA",0.015,,,,,,,,
"Amelia, VA",45.0,,,,,,,,
"Amelia, VA",363,,,,,,,,
"Amelia, VA",4,,,,,,,,
"Amelia, VA",51007(cbwsonly),,,,,,,,
"Amherst, VA",78,,,,,,,,
"Amherst, VA",7,,,,,,,,
"Amherst, VA",51009,,,,,,,,
"Amherst, VA",10,,,,,,,,
"Amherst, VA",0.015,,,,,,,,
"Amherst, VA",45.0,,,,,,,,
"Amherst, VA",364,,,,,,,,
"Amherst, VA",4,,,,,,,,
"Amherst, VA",51009(cbwsonly),,,,,,,,
"Appomattox, VA",79,,,,,,,,
"Appomattox, VA",7,,,,,,,,
"Appomattox, VA",51011,,,,,,,,
"Appomattox, VA",10,,,,,,,,
"Appomattox, VA",0.015,,,,,,,,
"Appomattox, VA",45.0,,,,,,,,
"Appomattox, VA",365,,,,,,,,
"Appomattox, VA",4,,,,,,,,
"Appomattox, VA",51011(cbwsonly),,,,,,,,
"Bedford, VA",80,,,,,,,,
"Bedford, VA",7,,,,,,,,
"Bedford, VA",51019,,,,,,,,
"Bedford, VA",10,,,,,,,,
"Bedford, VA",0.015,,,,,,,,
"Bedford, VA",45.0,,,,,,,,
"Bedford, VA",366,,,,,,,,
"Bedford, VA",4,,,,,,,,
"Bedford, VA",51019(cbwsonly),,,,,,,,
"Buckingham, VA",82,,,,,,,,
"Buckingham, VA",7,,,,,,,,
"Buckingham, VA",51029,,,,,,,,
"Buckingham, VA",10,,,,,,,,
"Buckingham, VA",0.015,,,,,,,,
"Buckingham, VA",45.0,,,,,,,,
"Buckingham, VA",367,,,,,,,,
"Buckingham, VA",4,,,,,,,,
"Buckingham, VA",51029(cbwsonly),,,,,,,,
"Campbell, VA",83,,,,,,,,
"Campbell, VA",7,,,,,,,,
"Campbell, VA",51031,,,,,,,,
"Campbell, VA",10,,,,,,,,
"Campbell, VA",0.015,,,,,,,,
"Campbell, VA",45.0,,,,,,,,
"Campbell, VA",368,,,,,,,,
"Campbell, VA",4,,,,,,,,
"Campbell, VA",51031(cbwsonly),,,,,,,,
"Chesterfield, VA",85,,,,,,,,
"Chesterfield, VA",7,,,,,,,,
"Chesterfield, VA",51041,,,,,,,,
"Chesterfield, VA",10,,,,,,,,
"Chesterfield, VA",0.015,,,,,,,,
"Chesterfield, VA",45.0,,,,,,,,
"Chesterfield, VA",369,,,,,,,,
"Chesterfield, VA",4,,,,,,,,
"Chesterfield, VA",51041(cbwsonly),,,,,,,,
"Culpeper, VA",86,,,,,,,,
"Culpeper, VA",7,,,,,,,,
"Culpeper, VA",51047,,,,,,,,
"Culpeper, VA",10,,,,,,,,
"Culpeper, VA",0.015,,,,,,,,
"Culpeper, VA",45.0,,,,,,,,
"Culpeper, VA",370,,,,,,,,
"Culpeper, VA",4,,,,,,,,
"Culpeper, VA",51047(cbwsonly),,,,,,,,
"Cumberland, VA",87,,,,,,,,
"Cumberland, VA",7,,,,,,,,
"Cumberland, VA",51049,,,,,,,,
"Cumberland, VA",10,,,,,,,,
"Cumberland, VA",0.015,,,,,,,,
"Cumberland, VA",45.0,,,,,,,,
"Cumberland, VA",371,,,,,,,,
"Cumberland, VA",4,,,,,,,,
"Cumberland, VA",51049(cbwsonly),,,,,,,,
"Dinwiddie, VA",88,,,,,,,,
"Dinwiddie, VA",7,,,,,,,,
"Dinwiddie, VA",51053,,,,,,,,
"Dinwiddie, VA",10,,,,,,,,
"Dinwiddie, VA",0.015,,,,,,,,
"Dinwiddie, VA",45.0,,,,,,,,
"Dinwiddie, VA",372,,,,,,,,
"Dinwiddie, VA",4,,,,,,,,
"Dinwiddie, VA",51053(cbwsonly),,,,,,,,
"Fairfax, VA",89,,,,,,,,
"Fairfax, VA",7,,,,,,,,
"Fairfax, VA",51059,,,,,,,,
"Fairfax, VA",10,,,,,,,,
"Fairfax, VA",0.015,,,,,,,,
"Fairfax, VA",45.0,,,,,,,,
"Fairfax, VA",373,,,,,,,,
"Fairfax, VA",4,,,,,,,,
"Fairfax, VA",51059(cbwsonly),,,,,,,,
"Fauquier, VA",90,,,,,,,,
"Fauquier, VA",7,,,,,,,,
"Fauquier, VA",51061,,,,,,,,
"Fauquier, VA",10,,,,,,,,
"Fauquier, VA",0.015,,,,,,,,
"Fauquier, VA",45.0,,,,,,,,
"Fauquier, VA",374,,,,,,,,
"Fauquier, VA",4,,,,,,,,
"Fauquier, VA",51061(cbwsonly),,,,,,,,
"Fluvanna, VA",91,,,,,,,,
"Fluvanna, VA",7,,,,,,,,
"Fluvanna, VA",51065,,,,,,,,
"Fluvanna, VA",10,,,,,,,,
"Fluvanna, VA",0.015,,,,,,,,
"Fluvanna, VA",45.0,,,,,,,,
"Fluvanna, VA",375,,,,,,,,
"Fluvanna, VA",4,,,,,,,,
"Fluvanna, VA",51065(cbwsonly),,,,,,,,
"Goochland, VA",93,,,,,,,,
"Goochland, VA",7,,,,,,,,
"Goochland, VA",51075,,,,,,,,
"Goochland, VA",10,,,,,,,,
"Goochland, VA",0.015,,,,,,,,
"Goochland, VA",45.0,,,,,,,,
"Goochland, VA",376,,,,,,,,
"Goochland, VA",4,,,,,,,,
"Goochland, VA",51075(cbwsonly),,,,,,,,
"Greene, VA",94,,,,,,,,
"Greene, VA",7,,,,,,,,
"Greene, VA",51079,,,,,,,,
"Greene, VA",10,,,,,,,,
"Greene, VA",0.015,,,,,,,,
"Greene, VA",45.0,,,,,,,,
"Greene, VA",377,,,,,,,,
"Greene, VA",4,,,,,,,,
"Greene, VA",51079(cbwsonly),,,,,,,,
"Loudoun, VA",97,,,,,,,,
"Loudoun, VA",7,,,,,,,,
"Loudoun, VA",51107,,,,,,,,
"Loudoun, VA",10,,,,,,,,
"Loudoun, VA",0.015,,,,,,,,
"Loudoun, VA",45.0,,,,,,,,
"Loudoun, VA",378,,,,,,,,
"Loudoun, VA",4,,,,,,,,
"Loudoun, VA",51107(cbwsonly),,,,,,,,
"Louisa, VA",98,,,,,,,,
"Louisa, VA",7,,,,,,,,
"Louisa, VA",51109,,,,,,,,
"Louisa, VA",10,,,,,,,,
"Louisa, VA",0.015,,,,,,,,
"Louisa, VA",45.0,,,,,,,,
"Louisa, VA",379,,,,,,,,
"Louisa, VA",4,,,,,,,,
"Louisa, VA",51109(cbwsonly),,,,,,,,
"Madison, VA",100,,,,,,,,
"Madison, VA",7,,,,,,,,
"Madison, VA",51113,,,,,,,,
"Madison, VA",10,,,,,,,,
"Madison, VA",0.015,,,,,,,,
"Madison, VA",45.0,,,,,,,,
"Madison, VA",380,,,,,,,,
"Madison, VA",4,,,,,,,,
"Madison, VA",51113(cbwsonly),,,,,,,,
"Nelson, VA",102,,,,,,,,
"Nelson, VA",7,,,,,,,,
"Nelson, VA",51125,,,,,,,,
"Nelson, VA",10,,,,,,,,
"Nelson, VA",0.015,,,,,,,,
"Nelson, VA",45.0,,,,,,,,
"Nelson, VA",381,,,,,,,,
"Nelson, VA",4,,,,,,,,
"Nelson, VA",51125(cbwsonly),,,,,,,,
"Nottoway, VA",103,,,,,,,,
"Nottoway, VA",7,,,,,,,,
"Nottoway, VA",51135,,,,,,,,
"Nottoway, VA",10,,,,,,,,
"Nottoway, VA",0.015,,,,,,,,
"Nottoway, VA",45.0,,,,,,,,
"Nottoway, VA",382,,,,,,,,
"Nottoway, VA",4,,,,,,,,
"Nottoway, VA",51135(cbwsonly),,,,,,,,
"Orange, VA",104,,,,,,,,
"Orange, VA",7,,,,,,,,
"Orange, VA",51137,,,,,,,,
"Orange, VA",10,,,,,,,,
"Orange, VA",0.015,,,,,,,,
"Orange, VA",45.0,,,,,,,,
"Orange, VA",383,,,,,,,,
"Orange, VA",4,,,,,,,,
"Orange, VA",51137(cbwsonly),,,,,,,,
"Powhatan, VA",107,,,,,,,,
"Powhatan, VA",7,,,,,,,,
"Powhatan, VA",51145,,,,,,,,
"Powhatan, VA",10,,,,,,,,
"Powhatan, VA",0.015,,,,,,,,
"Powhatan, VA",45.0,,,,,,,,
"Powhatan, VA",384,,,,,,,,
"Powhatan, VA",4,,,,,,,,
"Powhatan, VA",51145(cbwsonly),,,,,,,,
"Prince Edward, VA",108,,,,,,,,
"Prince Edward, VA",7,,,,,,,,
"Prince Edward, VA",51147,,,,,,,,
"Prince Edward, VA",10,,,,,,,,
"Prince Edward, VA",0.015,,,,,,,,
"Prince Edward, VA",45.0,,,,,,,,
"Prince Edward, VA",385,,,,,,,,
"Prince Edward, VA",4,,,,,,,,
"Prince Edward, VA",51147(cbwsonly),,,,,,,,
"Prince William, VA",109,,,,,,,,
"Prince William, VA",7,,,,,,,,
"Prince William, VA",51153,,,,,,,,
"Prince William, VA",10,,,,,,,,
"Prince William, VA",0.015,,,,,,,,
"Prince William, VA",45.0,,,,,,,,
"Prince William, VA",386,,,,,,,,
"Prince William, VA",4,,,,,,,,
"Prince William, VA",51153(cbwsonly),,,,,,,,
"Rappahannock, VA",110,,,,,,,,
"Rappahannock, VA",7,,,,,,,,
"Rappahannock, VA",51157,,,,,,,,
"Rappahannock, VA",10,,,,,,,,
"Rappahannock, VA",0.015,,,,,,,,
"Rappahannock, VA",45.0,,,,,,,,
"Rappahannock, VA",387,,,,,,,,
"Rappahannock, VA",4,,,,,,,,
"Rappahannock, VA",51157(cbwsonly),,,,,,,,
"Spotsylvania, VA",111,,,,,,,,
"Spotsylvania, VA",7,,,,,,,,
"Spotsylvania, VA",51177,,,,,,,,
"Spotsylvania, VA",10,,,,,,,,
"Spotsylvania, VA",0.015,,,,,,,,
"Spotsylvania, VA",45.0,,,,,,,,
"Spotsylvania, VA",388,,,,,,,,
"Spotsylvania, VA",4,,,,,,,,
"Spotsylvania, VA",51177(cbwsonly),,,,,,,,
"Stafford, VA",112,,,,,,,,
"Stafford, VA",7,,,,,,,,
"Stafford, VA",51179,,,,,,,,
"Stafford, VA",10,,,,,,,,
"Stafford, VA",0.015,,,,,,,,
"Stafford, VA",45.0,,,,,,,,
"Stafford, VA",389,,,,,,,,
"Stafford, VA",4,,,,,,,,
"Stafford, VA",51179(cbwsonly),,,,,,,,
"Alleghany, VA",115,,,,,,,,
"Alleghany, VA",7,,,,,,,,
"Alleghany, VA",51005,,,,,,,,
"Alleghany, VA",11,,,,,,,,
"Alleghany, VA",0.015,,,,,,,,
"Alleghany, VA",45.0,,,,,,,,
"Alleghany, VA",390,,,,,,,,
"Alleghany, VA",4,,,,,,,,
"Alleghany, VA",51005(cbwsonly),,,,,,,,
"Augusta, VA",116,,,,,,,,
"Augusta, VA",7,,,,,,,,
"Augusta, VA",51015,,,,,,,,
"Augusta, VA",11,,,,,,,,
"Augusta, VA",0.015,,,,,,,,
"Augusta, VA",45.0,,,,,,,,
"Augusta, VA",391,,,,,,,,
"Augusta, VA",4,,,,,,,,
"Augusta, VA",51015(cbwsonly),,,,,,,,
"Bath, VA",117,,,,,,,,
"Bath, VA",7,,,,,,,,
"Bath, VA",51017,,,,,,,,
"Bath, VA",11,,,,,,,,
"Bath, VA",0.015,,,,,,,,
"Bath, VA",45.0,,,,,,,,
"Bath, VA",392,,,,,,,,
"Bath, VA",4,,,,,,,,
"Bath, VA",51017(cbwsonly),,,,,,,,
"Botetourt, VA",119,,,,,,,,
"Botetourt, VA",7,,,,,,,,
"Botetourt, VA",51023,,,,,,,,
"Botetourt, VA",11,,,,,,,,
"Botetourt, VA",0.015,,,,,,,,
"Botetourt, VA",45.0,,,,,,,,
"Botetourt, VA",393,,,,,,,,
"Botetourt, VA",4,,,,,,,,
"Botetourt, VA",51023(cbwsonly),,,,,,,,
"Clarke, VA",122,,,,,,,,
"Clarke, VA",7,,,,,,,,
"Clarke, VA",51043,,,,,,,,
"Clarke, VA",11,,,,,,,,
"Clarke, VA",0.015,,,,,,,,
"Clarke, VA",45.0,,,,,,,,
"Clarke, VA",394,,,,,,,,
"Clarke, VA",4,,,,,,,,
"Clarke, VA",51043(cbwsonly),,,,,,,,
"Craig, VA",123,,,,,,,,
"Craig, VA",7,,,,,,,,
"Craig, VA",51045,,,,,,,,
"Craig, VA",11,,,,,,,,
"Craig, VA",0.015,,,,,,,,
"Craig, VA",45.0,,,,,,,,
"Craig, VA",395,,,,,,,,
"Craig, VA",4,,,,,,,,
"Craig, VA",51045(cbwsonly),,,,,,,,
"Frederick, VA",126,,,,,,,,
"Frederick, VA",7,,,,,,,,
"Frederick, VA",51069,,,,,,,,
"Frederick, VA",11,,,,,,,,
"Frederick, VA",0.015,,,,,,,,
"Frederick, VA",45.0,,,,,,,,
"Frederick, VA",396,,,,,,,,
"Frederick, VA",4,,,,,,,,
"Frederick, VA",51069(cbwsonly),,,,,,,,
"Giles, VA",127,,,,,,,,
"Giles, VA",7,,,,,,,,
"Giles, VA",51071,,,,,,,,
"Giles, VA",11,,,,,,,,
"Giles, VA",0.015,,,,,,,,
"Giles, VA",45.0,,,,,,,,
"Giles, VA",397,,,,,,,,
"Giles, VA",4,,,,,,,,
"Giles, VA",51071(cbwsonly),,,,,,,,
"Highland, VA",129,,,,,,,,
"Highland, VA",7,,,,,,,,
"Highland, VA",51091,,,,,,,,
"Highland, VA",11,,,,,,,,
"Highland, VA",0.015,,,,,,,,
"Highland, VA",45.0,,,,,,,,
"Highland, VA",398,,,,,,,,
"Highland, VA",4,,,,,,,,
"Highland, VA",51091(cbwsonly),,,,,,,,
"Montgomery, VA",131,,,,,,,,
"Montgomery, VA",7,,,,,,,,
"Montgomery, VA",51121,,,,,,,,
"Montgomery, VA",11,,,,,,,,
"Montgomery, VA",0.015,,,,,,,,
"Montgomery, VA",45.0,,,,,,,,
"Montgomery, VA",399,,,,,,,,
"Montgomery, VA",4,,,,,,,,
"Montgomery, VA",51121(cbwsonly),,,,,,,,
"Page, VA",132,,,,,,,,
"Page, VA",7,,,,,,,,
"Page, VA",51139,,,,,,,,
"Page, VA",11,,,,,,,,
"Page, VA",0.015,,,,,,,,
"Page, VA",45.0,,,,,,,,
"Page, VA",400,,,,,,,,
"Page, VA",4,,,,,,,,
"Page, VA",51139(cbwsonly),,,,,,,,
"Roanoke, VA",134,,,,,,,,
"Roanoke, VA",7,,,,,,,,
"Roanoke, VA",51161,,,,,,,,
"Roanoke, VA",11,,,,,,,,
"Roanoke, VA",0.015,,,,,,,,
"Roanoke, VA",45.0,,,,,,,,
"Roanoke, VA",401,,,,,,,,
"Roanoke, VA",4,,,,,,,,
"Roanoke, VA",51161(cbwsonly),,,,,,,,
"Rockbridge, VA",135,,,,,,,,
"Rockbridge, VA",7,,,,,,,,
"Rockbridge, VA",51163,,,,,,,,
"Rockbridge, VA",11,,,,,,,,
"Rockbridge, VA",0.015,,,,,,,,
"Rockbridge, VA",45.0,,,,,,,,
"Rockbridge, VA",402,,,,,,,,
"Rockbridge, VA",4,,,,,,,,
"Rockbridge, VA",51163(cbwsonly),,,,,,,,
"Rockingham, VA",136,,,,,,,,
"Rockingham, VA",7,,,,,,,,
"Rockingham, VA",51165,,,,,,,,
"Rockingham, VA",11,,,,,,,,
"Rockingham, VA",0.015,,,,,,,,
"Rockingham, VA",45.0,,,,,,,,
"Rockingham, VA",403,,,,,,,,
"Rockingham, VA",4,,,,,,,,
"Rockingham, VA",51165(cbwsonly),,,,,,,,
"Shenandoah, VA",139,,,,,,,,
"Shenandoah, VA",7,,,,,,,,
"Shenandoah, VA",51171,,,,,,,,
"Shenandoah, VA",11,,,,,,,,
"Shenandoah, VA",0.015,,,,,,,,
"Shenandoah, VA",45.0,,,,,,,,
"Shenandoah, VA",404,,,,,,,,
"Shenandoah, VA",4,,,,,,,,
"Shenandoah, VA",51171(cbwsonly),,,,,,,,
"Warren, VA",142,,,,,,,,
"Warren, VA",7,,,,,,,,
"Warren, VA",51187,,,,,,,,
"Warren, VA",11,,,,,,,,
"Warren, VA",0.015,,,,,,,,
"Warren, VA",45.0,,,,,,,,
"Warren, VA",405,,,,,,,,
"Warren, VA",4,,,,,,,,
"Warren, VA",51187(cbwsonly),,,,,,,,
"Berkeley, WV",146,,,,,,,,
"Berkeley, WV",8,,,,,,,,
"Berkeley, WV",54003,,,,,,,,
"Berkeley, WV",12,,,,,,,,
"Berkeley, WV",0.015,,,,,,,,
"Berkeley, WV",45.0,,,,,,,,
"Berkeley, WV",406,,,,,,,,
"Berkeley, WV",4,,,,,,,,
"Berkeley, WV",54003(cbwsonly),,,,,,,,
"Grant, WV",147,,,,,,,,
"Grant, WV",8,,,,,,,,
"Grant, WV",54023,,,,,,,,
"Grant, WV",12,,,,,,,,
"Grant, WV",0.015,,,,,,,,
"Grant, WV",45.0,,,,,,,,
"Grant, WV",407,,,,,,,,
"Grant, WV",4,,,,,,,,
"Grant, WV",54023(cbwsonly),,,,,,,,
"Hampshire, WV",148,,,,,,,,
"Hampshire, WV",8,,,,,,,,
"Hampshire, WV",54027,,,,,,,,
"Hampshire, WV",12,,,,,,,,
"Hampshire, WV",0.015,,,,,,,,
"Hampshire, WV",45.0,,,,,,,,
"Hampshire, WV",408,,,,,,,,
"Hampshire, WV",4,,,,,,,,
"Hampshire, WV",54027(cbwsonly),,,,,,,,
"Hardy, WV",149,,,,,,,,
"Hardy, WV",8,,,,,,,,
"Hardy, WV",54031,,,,,,,,
"Hardy, WV",12,,,,,,,,
"Hardy, WV",0.015,,,,,,,,
"Hardy, WV",45.0,,,,,,,,
"Hardy, WV",409,,,,,,,,
"Hardy, WV",4,,,,,,,,
"Hardy, WV",54031(cbwsonly),,,,,,,,
"Jefferson, WV",150,,,,,,,,
"Jefferson, WV",8,,,,,,,,
"Jefferson, WV",54037,,,,,,,,
"Jefferson, WV",12,,,,,,,,
"Jefferson, WV",0.015,,,,,,,,
"Jefferson, WV",45.0,,,,,,,,
"Jefferson, WV",410,,,,,,,,
"Jefferson, WV",4,,,,,,,,
"Jefferson, WV",54037(cbwsonly),,,,,,,,
"Mineral, WV",151,,,,,,,,
"Mineral, WV",8,,,,,,,,
"Mineral, WV",54057,,,,,,,,
"Mineral, WV",12,,,,,,,,
"Mineral, WV",0.015,,,,,,,,
"Mineral, WV",45.0,,,,,,,,
"Mineral, WV",411,,,,,,,,
"Mineral, WV",4,,,,,,,,
"Mineral, WV",54057(cbwsonly),,,,,,,,
"Monroe, WV",152,,,,,,,,
"Monroe, WV",8,,,,,,,,
"Monroe, WV",54063,,,,,,,,
"Monroe, WV",12,,,,,,,,
"Monroe, WV",0.015,,,,,,,,
"Monroe, WV",45.0,,,,,,,,
"Monroe, WV",412,,,,,,,,
"Monroe, WV",4,,,,,,,,
"Monroe, WV",54063(cbwsonly),,,,,,,,
"Morgan, WV",153,,,,,,,,
"Morgan, WV",8,,,,,,,,
"Morgan, WV",54065,,,,,,,,
"Morgan, WV",12,,,,,,,,
"Morgan, WV",0.015,,,,,,,,
"Morgan, WV",45.0,,,,,,,,
"Morgan, WV",413,,,,,,,,
"Morgan, WV",4,,,,,,,,
"Morgan, WV",54065(cbwsonly),,,,,,,,
"Pendleton, WV",154,,,,,,,,
"Pendleton, WV",8,,,,,,,,
"Pendleton, WV",54071,,,,,,,,
"Pendleton, WV",12,,,,,,,,
"Pendleton, WV",0.015,,,,,,,,
"Pendleton, WV",45.0,,,,,,,,
"Pendleton, WV",414,,,,,,,,
"Pendleton, WV",4,,,,,,,,
"Pendleton, WV",54071(cbwsonly),,,,,,,,
"Preston, WV",155,,,,,,,,
"Preston, WV",8,,,,,,,,
"Preston, WV",54077,,,,,,,,
"Preston, WV",12,,,,,,,,
"Preston, WV",0.015,,,,,,,,
"Preston, WV",45.0,,,,,,,,
"Preston, WV",415,,,,,,,,
"Preston, WV",4,,,,,,,,
"Preston, WV",54077(cbwsonly),,,,,,,,
"Tucker, WV",156,,,,,,,,
"Tucker, WV",8,,,,,,,,
"Tucker, WV",54093,,,,,,,,
"Tucker, WV",12,,,,,,,,
"Tucker, WV",0.015,,,,,,,,
"Tucker, WV",45.0,,,,,,,,
"Tucker, WV",416,,,,,,,,
"Tucker, WV",4,,,,,,,,
"Tucker, WV",54093(cbwsonly),,,,,,,,
"Kent, DE",157,,,,,,,,
"Kent, DE",2,,,,,,,,
"Kent, DE",10001,,,,,,,,
"Kent, DE",1,,,,,,,,
"Kent, DE",0.015,,,,,,,,
"Kent, DE",45.0,,,,,,,,
"Kent, DE",417,,,,,,,,
"Kent, DE",4,,,,,,,,
"Kent, DE",10001(cbwsonly),,,,,,,,
"Worcester, MD",158,,,,,,,,
"Worcester, MD",3,,,,,,,,
"Worcester, MD",24047,,,,,,,,
"Worcester, MD",3,,,,,,,,
"Worcester, MD",0.015,,,,,,,,
"Worcester, MD",45.0,,,,,,,,
"Worcester, MD",418,,,,,,,,
"Worcester, MD",4,,,,,,,,
"Worcester, MD",24047(cbwsonly),,,,,,,,
"Allegany, NY",159,,,,,,,,
"Allegany, NY",5,,,,,,,,
"Allegany, NY",36003,,,,,,,,
"Allegany, NY",5,,,,,,,,
"Allegany, NY",0.015,,,,,,,,
"Allegany, NY",45.0,,,,,,,,
"Allegany, NY",419,,,,,,,,
"Allegany, NY",4,,,,,,,,
"Allegany, NY",36003(cbwsonly),,,,,,,,
"Broome, NY",160,,,,,,,,
"Broome, NY",5,,,,,,,,
"Broome, NY",36007,,,,,,,,
"Broome, NY",5,,,,,,,,
"Broome, NY",0.015,,,,,,,,
"Broome, NY",45.0,,,,,,,,
"Broome, NY",420,,,,,,,,
"Broome, NY",4,,,,,,,,
"Broome, NY",36007(cbwsonly),,,,,,,,
"Chemung, NY",161,,,,,,,,
"Chemung, NY",5,,,,,,,,
"Chemung, NY",36015,,,,,,,,
"Chemung, NY",5,,,,,,,,
"Chemung, NY",0.015,,,,,,,,
"Chemung, NY",45.0,,,,,,,,
"Chemung, NY",421,,,,,,,,
"Chemung, NY",4,,,,,,,,
"Chemung, NY",36015(cbwsonly),,,,,,,,
"Chenango, NY",162,,,,,,,,
"Chenango, NY",5,,,,,,,,
"Chenango, NY",36017,,,,,,,,
"Chenango, NY",5,,,,,,,,
"Chenango, NY",0.015,,,,,,,,
"Chenango, NY",45.0,,,,,,,,
"Chenango, NY",422,,,,,,,,
"Chenango, NY",4,,,,,,,,
"Chenango, NY",36017(cbwsonly),,,,,,,,
"Cortland, NY",163,,,,,,,,
"Cortland, NY",5,,,,,,,,
"Cortland, NY",36023,,,,,,,,
"Cortland, NY",5,,,,,,,,
"Cortland, NY",0.015,,,,,,,,
"Cortland, NY",45.0,,,,,,,,
"Cortland, NY",423,,,,,,,,
"Cortland, NY",4,,,,,,,,
"Cortland, NY",36023(cbwsonly),,,,,,,,
"Delaware, NY",164,,,,,,,,
"Delaware, NY",5,,,,,,,,
"Delaware, NY",36025,,,,,,,,
"Delaware, NY",5,,,,,,,,
"Delaware, NY",0.015,,,,,,,,
"Delaware, NY",45.0,,,,,,,,
"Delaware, NY",424,,,,,,,,
"Delaware, NY",4,,,,,,,,
"Delaware, NY",36025(cbwsonly),,,,,,,,
"Herkimer, NY",165,,,,,,,,
"Herkimer, NY",5,,,,,,,,
"Herkimer, NY",36043,,,,,,,,
"Herkimer, NY",5,,,,,,,,
"Herkimer, NY",0.015,,,,,,,,
"Herkimer, NY",45.0,,,,,,,,
"Herkimer, NY",425,,,,,,,,
"Herkimer, NY",4,,,,,,,,
"Herkimer, NY",36043(cbwsonly),,,,,,,,
"Livingston, NY",166,,,,,,,,
"Livingston, NY",5,,,,,,,,
"Livingston, NY",36051,,,,,,,,
"Livingston, NY",5,,,,,,,,
"Livingston, NY",0.015,,,,,,,,
"Livingston, NY",45.0,,,,,,,,
"Livingston, NY",426,,,,,,,,
"Livingston, NY",4,,,,,,,,
"Livingston, NY",36051(cbwsonly),,,,,,,,
"Madison, NY",167,,,,,,,,
"Madison, NY",5,,,,,,,,
"Madison, NY",36053,,,,,,,,
"Madison, NY",5,,,,,,,,
"Madison, NY",0.015,,,,,,,,
"Madison, NY",45.0,,,,,,,,
"Madison, NY",427,,,,,,,,
"Madison, NY",4,,,,,,,,
"Madison, NY",36053(cbwsonly),,,,,,,,
"Oneida, NY",168,,,,,,,,
"Oneida, NY",5,,,,,,,,
"Oneida, NY",36065,,,,,,,,
"Oneida, NY",5,,,,,,,,
"Oneida, NY",0.015,,,,,,,,
"Oneida, NY",45.0,,,,,,,,
"Oneida, NY",428,,,,,,,,
"Oneida, NY",4,,,,,,,,
"Oneida, NY",36065(cbwsonly),,,,,,,,
"Onondaga, NY",169,,,,,,,,
"Onondaga, NY",5,,,,,,,,
"Onondaga, NY",36067,,,,,,,,
"Onondaga, NY",5,,,,,,,,
"Onondaga, NY",0.015,,,,,,,,
"Onondaga, NY",45.0,,,,,,,,
"Onondaga, NY",429,,,,,,,,
"Onondaga, NY",4,,,,,,,,
"Onondaga, NY",36067(cbwsonly),,,,,,,,
"Ontario, NY",170,,,,,,,,
"Ontario, NY",5,,,,,,,,
"Ontario, NY",36069,,,,,,,,
"Ontario, NY",5,,,,,,,,
"Ontario, NY",0.015,,,,,,,,
"Ontario, NY",45.0,,,,,,,,
"Ontario, NY",430,,,,,,,,
"Ontario, NY",4,,,,,,,,
"Ontario, NY",36069(cbwsonly),,,,,,,,
"Otsego, NY",171,,,,,,,,
"Otsego, NY",5,,,,,,,,
"Otsego, NY",36077,,,,,,,,
"Otsego, NY",5,,,,,,,,
"Otsego, NY",0.015,,,,,,,,
"Otsego, NY",45.0,,,,,,,,
"Otsego, NY",431,,,,,,,,
"Otsego, NY",4,,,,,,,,
"Otsego, NY",36077(cbwsonly),,,,,,,,
"Schoharie, NY",172,,,,,,,,
"Schoharie, NY",5,,,,,,,,
"Schoharie, NY",36095,,,,,,,,
"Schoharie, NY",5,,,,,,,,
"Schoharie, NY",0.015,,,,,,,,
"Schoharie, NY",45.0,,,,,,,,
"Schoharie, NY",432,,,,,,,,
"Schoharie, NY",4,,,,,,,,
"Schoharie, NY",36095(cbwsonly),,,,,,,,
"Schuyler, NY",173,,,,,,,,
"Schuyler, NY",5,,,,,,,,
"Schuyler, NY",36097,,,,,,,,
"Schuyler, NY",5,,,,,,,,
"Schuyler, NY",0.015,,,,,,,,
"Schuyler, NY",45.0,,,,,,,,
"Schuyler, NY",433,,,,,,,,
"Schuyler, NY",4,,,,,,,,
"Schuyler, NY",36097(cbwsonly),,,,,,,,
"Steuben, NY",174,,,,,,,,
"Steuben, NY",5,,,,,,,,
"Steuben, NY",36101,,,,,,,,
"Steuben, NY",5,,,,,,,,
"Steuben, NY",0.015,,,,,,,,
"Steuben, NY",45.0,,,,,,,,
"Steuben, NY",434,,,,,,,,
"Steuben, NY",4,,,,,,,,
"Steuben, NY",36101(cbwsonly),,,,,,,,
"Tioga, NY",175,,,,,,,,
"Tioga, NY",5,,,,,,,,
"Tioga, NY",36107,,,,,,,,
"Tioga, NY",5,,,,,,,,
"Tioga, NY",0.015,,,,,,,,
"Tioga, NY",45.0,,,,,,,,
"Tioga, NY",435,,,,,,,,
"Tioga, NY",4,,,,,,,,
"Tioga, NY",36107(cbwsonly),,,,,,,,
"Tompkins, NY",176,,,,,,,,
"Tompkins, NY",5,,,,,,,,
"Tompkins, NY",36109,,,,,,,,
"Tompkins, NY",5,,,,,,,,
"Tompkins, NY",0.015,,,,,,,,
"Tompkins, NY",45.0,,,,,,,,
"Tompkins, NY",436,,,,,,,,
"Tompkins, NY",4,,,,,,,,
"Tompkins, NY",36109(cbwsonly),,,,,,,,
"Yates, NY",177,,,,,,,,
"Yates, NY",5,,,,,,,,
"Yates, NY",36123,,,,,,,,
"Yates, NY",5,,,,,,,,
"Yates, NY",0.015,,,,,,,,
"Yates, NY",45.0,,,,,,,,
"Yates, NY",437,,,,,,,,
"Yates, NY",4,,,,,,,,
"Yates, NY",36123(cbwsonly),,,,,,,,
"Adams, PA",194,,,,,,,,
"Adams, PA",6,,,,,,,,
"Adams, PA",42001,,,,,,,,
"Adams, PA",8,,,,,,,,
"Adams, PA",0.015,,,,,,,,
"Adams, PA",45.0,,,,,,,,
"Adams, PA",438,,,,,,,,
"Adams, PA",4,,,,,,,,
"Adams, PA",42001(cbwsonly),,,,,,,,
"Bedford, PA",195,,,,,,,,
"Bedford, PA",6,,,,,,,,
"Bedford, PA",42009,,,,,,,,
"Bedford, PA",7,,,,,,,,
"Bedford, PA",0.015,,,,,,,,
"Bedford, PA",45.0,,,,,,,,
"Bedford, PA",439,,,,,,,,
"Bedford, PA",4,,,,,,,,
"Bedford, PA",42009(cbwsonly),,,,,,,,
"Berks, PA",196,,,,,,,,
"Berks, PA",6,,,,,,,,
"Berks, PA",42011,,,,,,,,
"Berks, PA",8,,,,,,,,
"Berks, PA",0.015,,,,,,,,
"Berks, PA",45.0,,,,,,,,
"Berks, PA",440,,,,,,,,
"Berks, PA",4,,,,,,,,
"Berks, PA",42011(cbwsonly),,,,,,,,
"Blair, PA",197,,,,,,,,
"Blair, PA",6,,,,,,,,
"Blair, PA",42013,,,,,,,,
"Blair, PA",7,,,,,,,,
"Blair, PA",0.015,,,,,,,,
"Blair, PA",45.0,,,,,,,,
"Blair, PA",441,,,,,,,,
"Blair, PA",4,,,,,,,,
"Blair, PA",42013(cbwsonly),,,,,,,,
"Bradford, PA",198,,,,,,,,
"Bradford, PA",6,,,,,,,,
"Bradford, PA",42015,,,,,,,,
"Bradford, PA",6,,,,,,,,
"Bradford, PA",0.015,,,,,,,,
"Bradford, PA",45.0,,,,,,,,
"Bradford, PA",442,,,,,,,,
"Bradford, PA",4,,,,,,,,
"Bradford, PA",42015(cbwsonly),,,,,,,,
"Cambria, PA",199,,,,,,,,
"Cambria, PA",6,,,,,,,,
"Cambria, PA",42021,,,,,,,,
"Cambria, PA",6,,,,,,,,
"Cambria, PA",0.015,,,,,,,,
"Cambria, PA",45.0,,,,,,,,
"Cambria, PA",443,,,,,,,,
"Cambria, PA",4,,,,,,,,
"Cambria, PA",42021(cbwsonly),,,,,,,,
"Cameron, PA",200,,,,,,,,
"Cameron, PA",6,,,,,,,,
"Cameron, PA",42023,,,,,,,,
"Cameron, PA",6,,,,,,,,
"Cameron, PA",0.015,,,,,,,,
"Cameron, PA",45.0,,,,,,,,
"Cameron, PA",444,,,,,,,,
"Cameron, PA",4,,,,,,,,
"Cameron, PA",42023(cbwsonly),,,,,,,,
"Centre, PA",201,,,,,,,,
"Centre, PA",6,,,,,,,,
"Centre, PA",42027,,,,,,,,
"Centre, PA",7,,,,,,,,
"Centre, PA",0.015,,,,,,,,
"Centre, PA",45.0,,,,,,,,
"Centre, PA",445,,,,,,,,
"Centre, PA",4,,,,,,,,
"Centre, PA",42027(cbwsonly),,,,,,,,
"Chester, PA",202,,,,,,,,
"Chester, PA",6,,,,,,,,
"Chester, PA",42029,,,,,,,,
"Chester, PA",8,,,,,,,,
"Chester, PA",0.015,,,,,,,,
"Chester, PA",45.0,,,,,,,,
"Chester, PA",446,,,,,,,,
"Chester, PA",4,,,,,,,,
"Chester, PA",42029(cbwsonly),,,,,,,,
"Clearfield, PA",203,,,,,,,,
"Clearfield, PA",6,,,,,,,,
"Clearfield, PA",42033,,,,,,,,
"Clearfield, PA",6,,,,,,,,
"Clearfield, PA",0.015,,,,,,,,
"Clearfield, PA",45.0,,,,,,,,
"Clearfield, PA",447,,,,,,,,
"Clearfield, PA",4,,,,,,,,
"Clearfield, PA",42033(cbwsonly),,,,,,,,
"Clinton, PA",204,,,,,,,,
"Clinton, PA",6,,,,,,,,
"Clinton, PA",42035,,,,,,,,
"Clinton, PA",6,,,,,,,,
"Clinton, PA",0.015,,,,,,,,
"Clinton, PA",45.0,,,,,,,,
"Clinton, PA",448,,,,,,,,
"Clinton, PA",4,,,,,,,,
"Clinton, PA",42035(cbwsonly),,,,,,,,
"Columbia, PA",205,,,,,,,,
"Columbia, PA",6,,,,,,,,
"Columbia, PA",42037,,,,,,,,
"Columbia, PA",7,,,,,,,,
"Columbia, PA",0.015,,,,,,,,
"Columbia, PA",45.0,,,,,,,,
"Columbia, PA",449,,,,,,,,
"Columbia, PA",4,,,,,,,,
"Columbia, PA",42037(cbwsonly),,,,,,,,
"Cumberland, PA",206,,,,,,,,
"Cumberland, PA",6,,,,,,,,
"Cumberland, PA",42041,,,,,,,,
"Cumberland, PA",8,,,,,,,,
"Cumberland, PA",0.015,,,,,,,,
"Cumberland, PA",45.0,,,,,,,,
"Cumberland, PA",450,,,,,,,,
"Cumberland, PA",4,,,,,,,,
"Cumberland, PA",42041(cbwsonly),,,,,,,,
"Dauphin, PA",207,,,,,,,,
"Dauphin, PA",6,,,,,,,,
"Dauphin, PA",42043,,,,,,,,
"Dauphin, PA",8,,,,,,,,
"Dauphin, PA",0.015,,,,,,,,
"Dauphin, PA",45.0,,,,,,,,
"Dauphin, PA",451,,,,,,,,
"Dauphin, PA",4,,,,,,,,
"Dauphin, PA",42043(cbwsonly),,,,,,,,
"Elk, PA",208,,,,,,,,
"Elk, PA",6,,,,,,,,
"Elk, PA",42047,,,,,,,,
"Elk, PA",6,,,,,,,,
"Elk, PA",0.015,,,,,,,,
"Elk, PA",45.0,,,,,,,,
"Elk, PA",452,,,,,,,,
"Elk, PA",4,,,,,,,,
"Elk, PA",42047(cbwsonly),,,,,,,,
"Franklin, PA",209,,,,,,,,
"Franklin, PA",6,,,,,,,,
"Franklin, PA",42055,,,,,,,,
"Franklin, PA",8,,,,,,,,
"Franklin, PA",0.015,,,,,,,,
"Franklin, PA",45.0,,,,,,,,
"Franklin, PA",453,,,,,,,,
"Franklin, PA",4,,,,,,,,
"Franklin, PA",42055(cbwsonly),,,,,,,,
"Fulton, PA",210,,,,,,,,
"Fulton, PA",6,,,,,,,,
"Fulton, PA",42057,,,,,,,,
"Fulton, PA",7,,,,,,,,
"Fulton, PA",0.015,,,,,,,,
"Fulton, PA",45.0,,,,,,,,
"Fulton, PA",454,,,,,,,,
"Fulton, PA",4,,,,,,,,
"Fulton, PA",42057(cbwsonly),,,,,,,,
"Huntingdon, PA",211,,,,,,,,
"Huntingdon, PA",6,,,,,,,,
"Huntingdon, PA",42061,,,,,,,,
"Huntingdon, PA",7,,,,,,,,
"Huntingdon, PA",0.015,,,,,,,,
"Huntingdon, PA",45.0,,,,,,,,
"Huntingdon, PA",455,,,,,,,,
"Huntingdon, PA",4,,,,,,,,
"Huntingdon, PA",42061(cbwsonly),,,,,,,,
"Indiana, PA",212,,,,,,,,
"Indiana, PA",6,,,,,,,,
"Indiana, PA",42063,,,,,,,,
"Indiana, PA",7,,,,,,,,
"Indiana, PA",0.015,,,,,,,,
"Indiana, PA",45.0,,,,,,,,
"Indiana, PA",456,,,,,,,,
"Indiana, PA",4,,,,,,,,
"Indiana, PA",42063(cbwsonly),,,,,,,,
"Jefferson, PA",213,,,,,,,,
"Jefferson, PA",6,,,,,,,,
"Jefferson, PA",42065,,,,,,,,
"Jefferson, PA",6,,,,,,,,
"Jefferson, PA",0.015,,,,,,,,
"Jefferson, PA",45.0,,,,,,,,
"Jefferson, PA",457,,,,,,,,
"Jefferson, PA",4,,,,,,,,
"Jefferson, PA",42065(cbwsonly),,,,,,,,
"Juniata, PA",214,,,,,,,,
"Juniata, PA",6,,,,,,,,
"Juniata, PA",42067,,,,,,,,
"Juniata, PA",7,,,,,,,,
"Juniata, PA",0.015,,,,,,,,
"Juniata, PA",45.0,,,,,,,,
"Juniata, PA",458,,,,,,,,
"Juniata, PA",4,,,,,,,,
"Juniata, PA",42067(cbwsonly),,,,,,,,
"Lackawanna, PA",215,,,,,,,,
"Lackawanna, PA",6,,,,,,,,
"Lackawanna, PA",42069,,,,,,,,
"Lackawanna, PA",6,,,,,,,,
"Lackawanna, PA",0.015,,,,,,,,
"Lackawanna, PA",45.0,,,,,,,,
"Lackawanna, PA",459,,,,,,,,
"Lackawanna, PA",4,,,,,,,,
"Lackawanna, PA",42069(cbwsonly),,,,,,,,
"Carbon, PA",217,,,,,,,,
"Carbon, PA",6,,,,,,,,
"Carbon, PA",42025,,,,,,,,
"Carbon, PA",7,,,,,,,,
"Carbon, PA",0.015,,,,,,,,
"Carbon, PA",45.0,,,,,,,,
"Carbon, PA",460,,,,,,,,
"Carbon, PA",4,,,,,,,,
"Carbon, PA",42025(cbwsonly),,,,,,,,
"Baltimore City, MD",219,,,,,,,,
"Baltimore City, MD",3,,,,,,,,
"Baltimore City, MD",24510,,,,,,,,
"Baltimore City, MD",2,,,,,,,,
"Baltimore City, MD",0.015,,,,,,,,
"Baltimore City, MD",45.0,,,,,,,,
"Baltimore City, MD",461,,,,,,,,
"Baltimore City, MD",4,,,,,,,,
"Baltimore City, MD",24510(cbwsonly),,,,,,,,
"Alexandria, VA",220,,,,,,,,
"Alexandria, VA",7,,,,,,,,
"Alexandria, VA",51510,,,,,,,,
"Alexandria, VA",9,,,,,,,,
"Alexandria, VA",0.015,,,,,,,,
"Alexandria, VA",45.0,,,,,,,,
"Alexandria, VA",462,,,,,,,,
"Alexandria, VA",4,,,,,,,,
"Alexandria, VA",51510(cbwsonly),,,,,,,,
"Buena Vista, VA",223,,,,,,,,
"Buena Vista, VA",7,,,,,,,,
"Buena Vista, VA",51530,,,,,,,,
"Buena Vista, VA",11,,,,,,,,
"Buena Vista, VA",0.015,,,,,,,,
"Buena Vista, VA",45.0,,,,,,,,
"Buena Vista, VA",463,,,,,,,,
"Buena Vista, VA",4,,,,,,,,
"Buena Vista, VA",51530(cbwsonly),,,,,,,,
"Charlottesville City, VA",224,,,,,,,,
"Charlottesville City, VA",7,,,,,,,,
"Charlottesville City, VA",51540,,,,,,,,
"Charlottesville City, VA",10,,,,,,,,
"Charlottesville City, VA",0.015,,,,,,,,
"Charlottesville City, VA",45.0,,,,,,,,
"Charlottesville City, VA",464,,,,,,,,
"Charlottesville City, VA",4,,,,,,,,
"Charlottesville City, VA",51540(cbwsonly),,,,,,,,
"Colonial Heights City, VA",225,,,,,,,,
"Colonial Heights City, VA",7,,,,,,,,
"Colonial Heights City, VA",51570,,,,,,,,
"Colonial Heights City, VA",9,,,,,,,,
"Colonial Heights City, VA",0.015,,,,,,,,
"Colonial Heights City, VA",45.0,,,,,,,,
"Colonial Heights City, VA",465,,,,,,,,
"Colonial Heights City, VA",4,,,,,,,,
"Colonial Heights City, VA",51570(cbwsonly),,,,,,,,
"Covington City, VA",226,,,,,,,,
"Covington City, VA",7,,,,,,,,
"Covington City, VA",51580,,,,,,,,
"Covington City, VA",11,,,,,,,,
"Covington City, VA",0.015,,,,,,,,
"Covington City, VA",45.0,,,,,,,,
"Covington City, VA",466,,,,,,,,
"Covington City, VA",4,,,,,,,,
"Covington City, VA",51580(cbwsonly),,,,,,,,
"Fairfax City, VA",229,,,,,,,,
"Fairfax City, VA",7,,,,,,,,
"Fairfax City, VA",51600,,,,,,,,
"Fairfax City, VA",10,,,,,,,,
"Fairfax City, VA",0.015,,,,,,,,
"Fairfax City, VA",45.0,,,,,,,,
"Fairfax City, VA",467,,,,,,,,
"Fairfax City, VA",4,,,,,,,,
"Fairfax City, VA",51600(cbwsonly),,,,,,,,
"Falls Church City, VA",230,,,,,,,,
"Falls Church City, VA",7,,,,,,,,
"Falls Church City, VA",51610,,,,,,,,
"Falls Church City, VA",10,,,,,,,,
"Falls Church City, VA",0.015,,,,,,,,
"Falls Church City, VA",45.0,,,,,,,,
"Falls Church City, VA",468,,,,,,,,
"Falls Church City, VA",4,,,,,,,,
"Falls Church City, VA",51610(cbwsonly),,,,,,,,
"Fredericksburg City, VA",232,,,,,,,,
"Fredericksburg City, VA",7,,,,,,,,
"Fredericksburg City, VA",51630,,,,,,,,
"Fredericksburg City, VA",10,,,,,,,,
"Fredericksburg City, VA",0.015,,,,,,,,
"Fredericksburg City, VA",45.0,,,,,,,,
"Fredericksburg City, VA",469,,,,,,,,
"Fredericksburg City, VA",4,,,,,,,,
"Fredericksburg City, VA",51630(cbwsonly),,,,,,,,
"Hampton City, VA",234,,,,,,,,
"Hampton City, VA",7,,,,,,,,
"Hampton City, VA",51650,,,,,,,,
"Hampton City, VA",9,,,,,,,,
"Hampton City, VA",0.015,,,,,,,,
"Hampton City, VA",45.0,,,,,,,,
"Hampton City, VA",470,,,,,,,,
"Hampton City, VA",4,,,,,,,,
"Hampton City, VA",51650(cbwsonly),,,,,,,,
"Harrisonburg City, VA",235,,,,,,,,
"Harrisonburg City, VA",7,,,,,,,,
"Harrisonburg City, VA",51660,,,,,,,,
"Harrisonburg City, VA",11,,,,,,,,
"Harrisonburg City, VA",0.015,,,,,,,,
"Harrisonburg City, VA",45.0,,,,,,,,
"Harrisonburg City, VA",471,,,,,,,,
"Harrisonburg City, VA",4,,,,,,,,
"Harrisonburg City, VA",51660(cbwsonly),,,,,,,,
"Hopewell City, VA",236,,,,,,,,
"Hopewell City, VA",7,,,,,,,,
"Hopewell City, VA",51670,,,,,,,,
"Hopewell City, VA",9,,,,,,,,
"Hopewell City, VA",0.015,,,,,,,,
"Hopewell City, VA",45.0,,,,,,,,
"Hopewell City, VA",472,,,,,,,,
"Hopewell City, VA",4,,,,,,,,
"Hopewell City, VA",51670(cbwsonly),,,,,,,,
"Lexington City, VA",237,,,,,,,,
"Lexington City, VA",7,,,,,,,,
"Lexington City, VA",51678,,,,,,,,
"Lexington City, VA",11,,,,,,,,
"Lexington City, VA",0.015,,,,,,,,
"Lexington City, VA",45.0,,,,,,,,
"Lexington City, VA",473,,,,,,,,
"Lexington City, VA",4,,,,,,,,
"Lexington City, VA",51678(cbwsonly),,,,,,,,
"Lynchburg City, VA",238,,,,,,,,
"Lynchburg City, VA",7,,,,,,,,
"Lynchburg City, VA",51680,,,,,,,,
"Lynchburg City, VA",10,,,,,,,,
"Lynchburg City, VA",0.015,,,,,,,,
"Lynchburg City, VA",45.0,,,,,,,,
"Lynchburg City, VA",474,,,,,,,,
"Lynchburg City, VA",4,,,,,,,,
"Lynchburg City, VA",51680(cbwsonly),,,,,,,,
"Manassas City, VA",239,,,,,,,,
"Manassas City, VA",7,,,,,,,,
"Manassas City, VA",51683,,,,,,,,
"Manassas City, VA",10,,,,,,,,
"Manassas City, VA",0.015,,,,,,,,
"Manassas City, VA",45.0,,,,,,,,
"Manassas City, VA",475,,,,,,,,
"Manassas City, VA",4,,,,,,,,
"Manassas City, VA",51683(cbwsonly),,,,,,,,
"Manassas Park City, VA",240,,,,,,,,
"Manassas Park City, VA",7,,,,,,,,
"Manassas Park City, VA",51685,,,,,,,,
"Manassas Park City, VA",10,,,,,,,,
"Manassas Park City, VA",0.015,,,,,,,,
"Manassas Park City, VA",45.0,,,,,,,,
"Manassas Park City, VA",476,,,,,,,,
"Manassas Park City, VA",4,,,,,,,,
"Manassas Park City, VA",51685(cbwsonly),,,,,,,,
"Newport News City, VA",242,,,,,,,,
"Newport News City, VA",7,,,,,,,,
"Newport News City, VA",51700,,,,,,,,
"Newport News City, VA",9,,,,,,,,
"Newport News City, VA",0.015,,,,,,,,
"Newport News City, VA",45.0,,,,,,,,
"Newport News City, VA",477,,,,,,,,
"Newport News City, VA",4,,,,,,,,
"Newport News City, VA",51700(cbwsonly),,,,,,,,
"Norfolk City, VA",243,,,,,,,,
"Norfolk City, VA",7,,,,,,,,
"Norfolk City, VA",51710,,,,,,,,
"Norfolk City, VA",9,,,,,,,,
"Norfolk City, VA",0.015,,,,,,,,
"Norfolk City, VA",45.0,,,,,,,,
"Norfolk City, VA",478,,,,,,,,
"Norfolk City, VA",4,,,,,,,,
"Norfolk City, VA",51710(cbwsonly),,,,,,,,
"Petersburg City, VA",245,,,,,,,,
"Petersburg City, VA",7,,,,,,,,
"Petersburg City, VA",51730,,,,,,,,
"Petersburg City, VA",9,,,,,,,,
"Petersburg City, VA",0.015,,,,,,,,
"Petersburg City, VA",45.0,,,,,,,,
"Petersburg City, VA",479,,,,,,,,
"Petersburg City, VA",4,,,,,,,,
"Petersburg City, VA",51730(cbwsonly),,,,,,,,
"Poquoson City, VA",246,,,,,,,,
"Poquoson City, VA",7,,,,,,,,
"Poquoson City, VA",51735,,,,,,,,
"Poquoson City, VA",9,,,,,,,,
"Poquoson City, VA",0.015,,,,,,,,
"Poquoson City, VA",45.0,,,,,,,,
"Poquoson City, VA",480,,,,,,,,
"Poquoson City, VA",4,,,,,,,,
"Poquoson City, VA",51735(cbwsonly),,,,,,,,
"Portsmouth City, VA",247,,,,,,,,
"Portsmouth City, VA",7,,,,,,,,
"Portsmouth City, VA",51740,,,,,,,,
"Portsmouth City, VA",9,,,,,,,,
"Portsmouth City, VA",0.015,,,,,,,,
"Portsmouth City, VA",45.0,,,,,,,,
"Portsmouth City, VA",481,,,,,,,,
"Portsmouth City, VA",4,,,,,,,,
"Portsmouth City, VA",51740(cbwsonly),,,,,,,,
"Richmond City, VA",249,,,,,,,,
"Richmond City, VA",7,,,,,,,,
"Richmond City, VA",51760,,,,,,,,
"Richmond City, VA",9,,,,,,,,
"Richmond City, VA",0.015,,,,,,,,
"Richmond City, VA",45.0,,,,,,,,
"Richmond City, VA",482,,,,,,,,
"Richmond City, VA",4,,,,,,,,
"Richmond City, VA",51760(cbwsonly),,,,,,,,
"Staunton City, VA",252,,,,,,,,
"Staunton City, VA",7,,,,,,,,
"Staunton City, VA",51790,,,,,,,,
"Staunton City, VA",11,,,,,,,,
"Staunton City, VA",0.015,,,,,,,,
"Staunton City, VA",45.0,,,,,,,,
"Staunton City, VA",483,,,,,,,,
"Staunton City, VA",4,,,,,,,,
"Staunton City, VA",51790(cbwsonly),,,,,,,,
"Waynesboro City, VA",253,,,,,,,,
"Waynesboro City, VA",7,,,,,,,,
"Waynesboro City, VA",51820,,,,,,,,
"Waynesboro City, VA",11,,,,,,,,
"Waynesboro City, VA",0.015,,,,,,,,
"Waynesboro City, VA",45.0,,,,,,,,
"Waynesboro City, VA",484,,,,,,,,
"Waynesboro City, VA",4,,,,,,,,
"Waynesboro City, VA",51820(cbwsonly),,,,,,,,
"Williamsburg City, VA",254,,,,,,,,
"Williamsburg City, VA",7,,,,,,,,
"Williamsburg City, VA",51830,,,,,,,,
"Williamsburg City, VA",9,,,,,,,,
"Williamsburg City, VA",0.015,,,,,,,,
"Williamsburg City, VA",45.0,,,,,,,,
"Williamsburg City, VA",485,,,,,,,,
"Williamsburg City, VA",4,,,,,,,,
"Williamsburg City, VA",51830(cbwsonly),,,,,,,,
"Winchester City, VA",255,,,,,,,,
"Winchester City, VA",7,,,,,,,,
"Winchester City, VA",51840,,,,,,,,
"Winchester City, VA",11,,,,,,,,
"Winchester City, VA",0.015,,,,,,,,
"Winchester City, VA",45.0,,,,,,,,
"Winchester City, VA",486,,,,,,,,
"Winchester City, VA",4,,,,,,,,
"Winchester City, VA",51840(cbwsonly),,,,,,,,
